requests,errors,total_latency_ms,error_rate,avg_latency_ms,throughput
120,3,3600,2.5,30.0,120
150,2,4200,1.3333333333333335,28.0,150
98,1,3100,1.0204081632653061,31.632653061224488,98
200,5,6400,2.5,32.0,200
175,4,5900,2.2857142857142856,33.714285714285715,175
60,0,1500,0.0,25.0,60
80,1,2100,1.25,26.25,80
140,3,4000,2.142857142857143,28.571428571428573,140
110,2,3300,1.8181818181818181,30.0,110
95,1,2900,1.0526315789473684,30.526315789473685,95
